{
    "Tile": {
        "grid": 1433681,
        "tile_type": 1,
        "scale": {
            "x": 60.0,
            "y": 60.0
        },
        "pos": {
            "x": 350.0,
            "y": -230.0
        },
        "sprite": {
            "is_flip": false,
            "image_path": "asset/images/Tiles/Day/Day_Tile_UL_C.png"
        },
        "animation": {},
        "IsAnimated": false,
        "collision": {}
    },
    "Tile": {
        "grid": 1088086,
        "tile_type": 1,
        "scale": {
            "x": 60.0,
            "y": 60.0
        },
        "pos": {
            "x": -1270.0,
            "y": 70.0
        },
        "sprite": {
            "is_flip": false,
            "image_path": "asset/images/Tiles/Day/Day_Tile_RightTopCorner.png"
        },
        "animation": {},
        "IsAnimated": false,
        "collision": {}
    },
    "Tile": {
        "grid": 1177681,
        "tile_type": 1,
        "scale": {
            "x": 60.0,
            "y": 60.0
        },
        "pos": {
            "x": -850.0,
            "y": -230.0
        },
        "sprite": {
            "is_flip": false,
            "image_path": "asset/images/Tiles/Day/Day_Tile_RightTopCorner.png"
        },
        "animation": {},
        "IsAnimated": false,
        "collision": {}
    },
    "Tile": {
        "grid": 1318479,
        "tile_type": 1,
        "scale": {
            "x": 60.0,
            "y": 60.0
        },
        "pos": {
            "x": -190.0,
            "y": -350.0
        },
        "sprite": {
            "is_flip": false,
            "image_path": "asset/images/Tiles/Day/Day_Tile_RightTopCorner.png"
        },
        "animation": {},
        "IsAnimated": false,
        "collision": {}
    },
    "Tile": {
        "grid": 1574483,
        "tile_type": 1,
        "scale": {
            "x": 60.0,
            "y": 60.0
        },
        "pos": {
            "x": 1010.0,
            "y": -110.0
        },
        "sprite": {
            "is_flip": false,
            "image_path": "asset/images/Tiles/Day/Day_Tile_UL_C.png"
        },
        "animation": {},
        "IsAnimated": false,
        "collision": {}
    },
    "Tile": {
        "grid": 1369679,
        "tile_type": 1,
        "scale": {
            "x": 60.0,
            "y": 60.0
        },
        "pos": {
            "x": 50.0,
            "y": -350.0
        },
        "sprite": {
            "is_flip": false,
            "image_path": "asset/images/Tiles/Day/Day_Tile_UL_C.png"
        },
        "animation": {},
        "IsAnimated": false,
        "collision": {}
    },
    "Tile": {
        "grid": 1753679,
        "tile_type": 1,
        "scale": {
            "x": 60.0,
            "y": 60.0
        },
        "pos": {
            "x": 1850.0,
            "y": -350.0
        },
        "sprite": {
            "is_flip": false,
            "image_path": "asset/images/Tiles/Day/Day_Tile_UL_C.png"
        },
        "animation": {},
        "IsAnimated": false,
        "collision": {}
    },
    "Tile": {
        "grid": 1856087,
        "tile_type": 1,
        "scale": {
            "x": 60.0,
            "y": 60.0
        },
        "pos": {
            "x": 2330.0,
            "y": 130.0
        },
        "sprite": {
            "is_flip": false,
            "image_path": "asset/images/Tiles/Day/Day_Tile_UL_C.png"
        },
        "animation": {},
        "IsAnimated": false,
        "collision": {}
    },
    "Tile": {
        "grid": 1664079,
        "tile_type": 1,
        "scale": {
            "x": 60.0,
            "y": 60.0
        },
        "pos": {
            "x": 1430.0,
            "y": -350.0
        },
        "sprite": {
            "is_flip": false,
            "image_path": "asset/images/Tiles/Day/Day_Tile_RightTopCorner.png"
        },
        "animation": {},
        "IsAnimated": false,
        "collision": {}
    }
}