{
    "Object": {
        "Type": {
            "type": 6,
            "isDead": false
        },
        "Transform": {
            "position": {
                "x": 0.0,
                "y": 0.0
            },
            "scale": {
                "x": 2020.0,
                "y": 1180.0
            },
            "rotation": 0.0,
            "depth": 0.10000000149011612
        },
        "Sprite": {},
        "Animation": {
            "maps": {
                "map": {
                    "path": {
                        "id": "afternoon",
                        "path": "asset/images/Page/BackgroundAfernoon.png"
                    },
                    "info": {
                        "image_frames": 16,
                        "update_frames": 0.15000000596046449,
                        "is_repeats": true
                    }
                },
                "map": {
                    "path": {
                        "id": "day",
                        "path": "asset/images/Page/BackgroundDay.png"
                    },
                    "info": {
                        "image_frames": 16,
                        "update_frames": 0.15000000596046449,
                        "is_repeats": true
                    }
                },
                "map": {
                    "path": {
                        "id": "night",
                        "path": "asset/images/Page/BackgroundNight.png"
                    },
                    "info": {
                        "image_frames": 16,
                        "update_frames": 0.15000000596046449,
                        "is_repeats": true
                    }
                }
            }
        },
        "RigidBody": false,
        "Collision": {},
        "Particle": {},
        "Sound": {},
        "Font": {},
        "Capture": {},
        "Projectile": {},
        "Trigger": {},
        "Moving": {},
        "UI": {},
        "Camera": {},
        "Chapter": {}
    },
    "Object": {
        "Type": {
            "type": 6,
            "isDead": false
        },
        "Transform": {
            "position": {
                "x": 0.0,
                "y": 0.0
            },
            "scale": {
                "x": 2020.0,
                "y": 1180.0
            },
            "rotation": 0.0,
            "depth": 0.10000000149011612
        },
        "Sprite": {},
        "Animation": {
            "maps": {
                "map": {
                    "path": {
                        "id": "afternoon",
                        "path": "asset/images/Page/BackgroundAfernoon.png"
                    },
                    "info": {
                        "image_frames": 16,
                        "update_frames": 0.15000000596046449,
                        "is_repeats": true
                    }
                },
                "map": {
                    "path": {
                        "id": "day",
                        "path": "asset/images/Page/BackgroundDay.png"
                    },
                    "info": {
                        "image_frames": 16,
                        "update_frames": 0.15000000596046449,
                        "is_repeats": true
                    }
                },
                "map": {
                    "path": {
                        "id": "night",
                        "path": "asset/images/Page/BackgroundNight.png"
                    },
                    "info": {
                        "image_frames": 16,
                        "update_frames": 0.15000000596046449,
                        "is_repeats": true
                    }
                }
            }
        },
        "RigidBody": false,
        "Collision": {},
        "Particle": {},
        "Sound": {},
        "Font": {},
        "Capture": {},
        "Projectile": {},
        "Trigger": {},
        "Moving": {},
        "UI": {},
        "Camera": {},
        "Chapter": {}
    },
    "Object": {
        "Type": {
            "type": 6,
            "isDead": false
        },
        "Transform": {
            "position": {
                "x": 0.0,
                "y": 0.0
            },
            "scale": {
                "x": 2020.0,
                "y": 1180.0
            },
            "rotation": 0.0,
            "depth": 0.10000000149011612
        },
        "Sprite": {},
        "Animation": {
            "maps": {
                "map": {
                    "path": {
                        "id": "afternoon",
                        "path": "asset/images/Page/BackgroundAfernoon.png"
                    },
                    "info": {
                        "image_frames": 16,
                        "update_frames": 0.15000000596046449,
                        "is_repeats": true
                    }
                },
                "map": {
                    "path": {
                        "id": "day",
                        "path": "asset/images/Page/BackgroundDay.png"
                    },
                    "info": {
                        "image_frames": 16,
                        "update_frames": 0.15000000596046449,
                        "is_repeats": true
                    }
                },
                "map": {
                    "path": {
                        "id": "night",
                        "path": "asset/images/Page/BackgroundNight.png"
                    },
                    "info": {
                        "image_frames": 16,
                        "update_frames": 0.15000000596046449,
                        "is_repeats": true
                    }
                }
            }
        },
        "RigidBody": false,
        "Collision": {},
        "Particle": {},
        "Sound": {},
        "Font": {},
        "Capture": {},
        "Projectile": {},
        "Trigger": {},
        "Moving": {},
        "UI": {},
        "Camera": {},
        "Chapter": {}
    },
    "Object": {
        "Type": {
            "type": 19,
            "isDead": false
        },
        "Transform": {
            "position": {
                "x": 1225.5,
                "y": 211.875
            },
            "scale": {
                "x": 10.0,
                "y": 100.0
            },
            "rotation": 0.0,
            "depth": -0.49000000953674319
        },
        "Sprite": {},
        "Animation": {},
        "RigidBody": false,
        "Collision": {
            "id": 0,
            "enum": "box"
        },
        "Particle": {},
        "Sound": {},
        "Font": {},
        "Capture": {},
        "Projectile": {},
        "Trigger": {
            "translation": {
                "x": 0.0,
                "y": 0.0
            },
            "type": 0,
            "text": "",
            "trigger": false,
            "u_frame": 0.0,
            "i_frame": 0.0
        },
        "Moving": {},
        "UI": {},
        "Camera": {},
        "Chapter": {}
    },
    "Object": {
        "Type": {
            "type": 19,
            "isDead": false
        },
        "Transform": {
            "position": {
                "x": -477.0,
                "y": -163.125
            },
            "scale": {
                "x": 10.0,
                "y": 100.0
            },
            "rotation": 0.0,
            "depth": -0.49000000953674319
        },
        "Sprite": {},
        "Animation": {},
        "RigidBody": false,
        "Collision": {
            "id": 0,
            "enum": "box"
        },
        "Particle": {},
        "Sound": {},
        "Font": {},
        "Capture": {},
        "Projectile": {},
        "Trigger": {
            "translation": {
                "x": -430.0,
                "y": -20.0
            },
            "type": 3,
            "text": "KeyA",
            "trigger": true,
            "u_frame": 0.5,
            "i_frame": 5.0
        },
        "Moving": {},
        "UI": {},
        "Camera": {},
        "Chapter": {}
    },
    "Object": {
        "Type": {
            "type": 19,
            "isDead": false
        },
        "Transform": {
            "position": {
                "x": -478.5,
                "y": -156.375
            },
            "scale": {
                "x": 10.0,
                "y": 100.0
            },
            "rotation": 0.0,
            "depth": -0.49000000953674319
        },
        "Sprite": {},
        "Animation": {},
        "RigidBody": false,
        "Collision": {
            "id": 0,
            "enum": "box"
        },
        "Particle": {},
        "Sound": {},
        "Font": {},
        "Capture": {},
        "Projectile": {},
        "Trigger": {
            "translation": {
                "x": -350.0,
                "y": -20.0
            },
            "type": 3,
            "text": "KeyD",
            "trigger": true,
            "u_frame": 0.5,
            "i_frame": 5.0
        },
        "Moving": {},
        "UI": {},
        "Camera": {},
        "Chapter": {}
    },
    "Object": {
        "Type": {
            "type": 19,
            "isDead": false
        },
        "Transform": {
            "position": {
                "x": -376.5,
                "y": -150.75
            },
            "scale": {
                "x": 10.0,
                "y": 100.0
            },
            "rotation": 0.0,
            "depth": -0.49000000953674319
        },
        "Sprite": {},
        "Animation": {},
        "RigidBody": false,
        "Collision": {
            "id": 0,
            "enum": "box"
        },
        "Particle": {},
        "Sound": {},
        "Font": {},
        "Capture": {},
        "Projectile": {},
        "Trigger": {
            "translation": {
                "x": -210.0,
                "y": -20.0
            },
            "type": 3,
            "text": "KeyW",
            "trigger": false,
            "u_frame": 0.5,
            "i_frame": 5.0
        },
        "Moving": {},
        "UI": {},
        "Camera": {},
        "Chapter": {}
    },
    "Object": {
        "Type": {
            "type": 19,
            "isDead": false
        },
        "Transform": {
            "position": {
                "x": 690.0,
                "y": -29.0
            },
            "scale": {
                "x": 10.0,
                "y": 100.0
            },
            "rotation": 0.0,
            "depth": -0.49000000953674319
        },
        "Sprite": {},
        "Animation": {},
        "RigidBody": false,
        "Collision": {
            "id": 0,
            "enum": "box"
        },
        "Particle": {},
        "Sound": {},
        "Font": {},
        "Capture": {},
        "Projectile": {},
        "Trigger": {
            "translation": {
                "x": 840.0,
                "y": 100.0
            },
            "type": 3,
            "text": "MouseLeft",
            "trigger": false,
            "u_frame": 0.5,
            "i_frame": 5.0
        },
        "Moving": {},
        "UI": {},
        "Camera": {},
        "Chapter": {}
    },
    "Object": {
        "Type": {
            "type": 19,
            "isDead": false
        },
        "Transform": {
            "position": {
                "x": 1288.5,
                "y": 211.5
            },
            "scale": {
                "x": 10.0,
                "y": 100.0
            },
            "rotation": 0.0,
            "depth": -0.49000000953674319
        },
        "Sprite": {},
        "Animation": {},
        "RigidBody": false,
        "Collision": {
            "id": 0,
            "enum": "box"
        },
        "Particle": {},
        "Sound": {},
        "Font": {},
        "Capture": {},
        "Projectile": {},
        "Trigger": {
            "translation": {
                "x": 1650.0,
                "y": 350.0
            },
            "type": 3,
            "text": "MouseLeft",
            "trigger": false,
            "u_frame": 0.5,
            "i_frame": 5.0
        },
        "Moving": {},
        "UI": {},
        "Camera": {},
        "Chapter": {}
    },
    "Object": {
        "Type": {
            "type": 19,
            "isDead": false
        },
        "Transform": {
            "position": {
                "x": -540.5,
                "y": -157.5
            },
            "scale": {
                "x": 10.0,
                "y": 100.0
            },
            "rotation": 0.0,
            "depth": -0.49000000953674319
        },
        "Sprite": {},
        "Animation": {},
        "RigidBody": false,
        "Collision": {
            "id": 0,
            "enum": "box"
        },
        "Particle": {},
        "Sound": {},
        "Font": {},
        "Capture": {},
        "Projectile": {},
        "Trigger": {
            "translation": {
                "x": -550.0,
                "y": 10.0
            },
            "type": 2,
            "text": "<= Skip Tutorial",
            "trigger": false,
            "u_frame": 0.0,
            "i_frame": 0.0
        },
        "Moving": {},
        "UI": {},
        "Camera": {},
        "Chapter": {}
    },
    "Object": {
        "Type": {
            "type": 20,
            "isDead": false
        },
        "Transform": {
            "position": {
                "x": 0.0,
                "y": 0.0
            },
            "scale": {
                "x": 1.0,
                "y": 1.0
            },
            "rotation": 0.0,
            "depth": -0.5
        },
        "Sprite": {},
        "Animation": {},
        "RigidBody": false,
        "Collision": {},
        "Particle": {},
        "Sound": {},
        "Font": {},
        "Capture": {},
        "Projectile": {},
        "Trigger": {},
        "Moving": {},
        "UI": {},
        "Camera": {},
        "Chapter": {}
    },
    "Object": {
        "Type": {
            "type": 2,
            "isDead": false
        },
        "Transform": {
            "position": {
                "x": 2170.0,
                "y": 227.0
            },
            "scale": {
                "x": 256.0,
                "y": 130.0
            },
            "rotation": 0.0,
            "depth": -0.5
        },
        "Sprite": {
            "is_flip": false,
            "image_path": "asset/images/Objects/BusStop.png"
        },
        "Animation": {},
        "RigidBody": false,
        "Collision": {
            "id": 0,
            "enum": "box"
        },
        "Particle": {},
        "Sound": {},
        "Font": {},
        "Capture": {},
        "Projectile": {},
        "Trigger": {},
        "Moving": {},
        "UI": {
            "id": "Level1"
        },
        "Camera": {},
        "Chapter": {}
    },
    "Object": {
        "Type": {
            "type": 2,
            "isDead": false
        },
        "Transform": {
            "position": {
                "x": -1119.0,
                "y": 159.75
            },
            "scale": {
                "x": 256.0,
                "y": 130.0
            },
            "rotation": 0.0,
            "depth": -0.5
        },
        "Sprite": {
            "is_flip": false,
            "image_path": "asset/images/Objects/BusStop.png"
        },
        "Animation": {},
        "RigidBody": false,
        "Collision": {
            "id": 0,
            "enum": "box"
        },
        "Particle": {},
        "Sound": {},
        "Font": {},
        "Capture": {},
        "Projectile": {},
        "Trigger": {},
        "Moving": {},
        "UI": {
            "id": "Level1"
        },
        "Camera": {},
        "Chapter": {}
    }
}