{
    "Object": {
        "Type": {
            "type": 19,
            "isDead": false
        },
        "Transform": {
            "position": {
                "x": 455.25,
                "y": 29.8125
            },
            "scale": {
                "x": 10.0,
                "y": 100.0
            },
            "rotation": 0.0,
            "depth": -0.49000000953674319
        },
        "Sprite": {},
        "Animation": {},
        "RigidBody": false,
        "Collision": {
            "id": 0,
            "enum": "box"
        },
        "Particle": {},
        "Sound": {},
        "Font": {},
        "Capture": {},
        "Trigger": {
            "translation": {
                "x": 0.0,
                "y": 0.0
            },
			"scale":{
                "x": 0.0,
                "y": 0.0
			},
            "type": 0,
            "text": "",
            "trigger": false,
            "u_frame": 0.0,
            "i_frame": 0.0
        },
        "UI": {},
        "Camera": {},
        "Chapter": {}
    },
    "Object": {
        "Type": {
            "type": 21,
            "isDead": false
        },
        "Transform": {
            "position": {
                "x": -280.6875,
                "y": -174.9375
            },
            "scale": {
                "x": 1.0,
                "y": 1.0
            },
            "rotation": 0.0,
            "depth": -0.49000000953674319
        },
        "Sprite": {},
        "Animation": {},
        "RigidBody": false,
        "Collision": {},
        "Particle": {},
        "Sound": {},
        "Font": {},
        "Capture": {},
        "Trigger": {},
        "UI": {},
        "Camera": {},
        "Chapter": {}
    },
    "Object": {
        "Type": {
            "type": 16,
            "isDead": false
        },
        "Transform": {
            "position": {
                "x": -29.4375,
                "y": 44.5
            },
            "scale": {
                "x": 256.0,
                "y": 128.0
            },
            "rotation": 0.0,
            "depth": -0.0
        },
        "Sprite": {
            "is_flip": false,
            "image_path": "asset/images/Objects/StartPoint.png"
        },
        "Animation": {},
        "RigidBody": false,
        "Collision": {},
        "Particle": {},
        "Sound": {},
        "Font": {},
        "Capture": {},
        "Trigger": {},
        "UI": {},
        "Camera": {},
        "Chapter": {}
    },
    "Object": {
        "Type": {
            "type": 2,
            "isDead": false
        },
        "Transform": {
            "position": {
                "x": 1211.25,
                "y": 284.65625
            },
            "scale": {
                "x": 256.0,
                "y": 128.0
            },
            "rotation": 0.0,
            "depth": -0.5
        },
        "Sprite": {
            "is_flip": false,
            "image_path": "asset/images/Objects/BusStop.png"
        },
        "Animation": {},
        "RigidBody": false,
        "Collision": {
            "id": 0,
            "enum": "box"
        },
        "Particle": {},
        "Sound": {},
        "Font": {},
        "Capture": {},
        "Trigger": {},
        "UI": {
            "id": "Level3"
        },
        "Camera": {},
        "Chapter": {}
    },
    "Object": {
        "Type": {
            "type": 20,
            "isDead": false
        },
        "Transform": {
            "position": {
                "x": 0.0,
                "y": 0.0
            },
            "scale": {
                "x": 1.0,
                "y": 1.0
            },
            "rotation": 0.0,
            "depth": -0.5
        },
        "Sprite": {},
        "Animation": {},
        "RigidBody": false,
        "Collision": {},
        "Particle": {},
        "Sound": {},
        "Font": {},
        "Capture": {},
        "Trigger": {},
        "UI": {},
        "Camera": {},
        "Chapter": {
            "chapter": 1,
            "level": 2
        }
    }
}