{
    "Object": {
        "Type": {
            "type": 21,
            "isDead": false
        },
        "Transform": {
            "position": {
                "x": 816.9375,
                "y": -392.84375
            },
            "scale": {
                "x": 1.0,
                "y": 1.0
            },
            "rotation": 0.0,
            "depth": -0.49000000953674319
        },
        "Sprite": {},
        "Animation": {},
        "RigidBody": false,
        "Collision": {},
        "Particle": {},
        "Sound": {},
        "Font": {},
        "Capture": {},
        "Trigger": {},
        "UI": {},
        "Camera": {},
        "Chapter": {}
    },
    "Object": {
        "Type": {
            "type": 16,
            "isDead": false
        },
        "Transform": {
            "position": {
                "x": -467.625,
                "y": -16.75
            },
            "scale": {
                "x": 256.0,
                "y": 130.0
            },
            "rotation": 0.0,
            "depth": -0.5
        },
        "Sprite": {
            "is_flip": false,
            "image_path": "asset/images/Objects/StartPoint.png"
        },
        "Animation": {},
        "RigidBody": false,
        "Collision": {},
        "Particle": {},
        "Sound": {},
        "Font": {},
        "Capture": {},
        "Trigger": {},
        "UI": {},
        "Camera": {},
        "Chapter": {}
    },
    "Object": {
        "Type": {
            "type": 22,
            "isDead": false
        },
        "Transform": {
            "position": {
                "x": -101.4375,
                "y": -78.0
            },
            "scale": {
                "x": 75.0,
                "y": 75.0
            },
            "rotation": 0.0,
            "depth": -0.5
        },
        "Sprite": {},
        "Animation": {
            "maps": {
                "map": {
                    "path": {
                        "id": "obstacle",
                        "path": "asset/images/Objects/Danger.png"
                    },
                    "info": {
                        "image_frames": 9,
                        "update_frames": 0.05000000074505806,
                        "is_repeats": true
                    }
                }
            }
        },
        "RigidBody": false,
        "Collision": {
            "id": 0,
            "enum": "box"
        },
        "Particle": {},
        "Sound": {},
        "Font": {},
        "Capture": {},
        "Trigger": {},
        "UI": {},
        "Camera": {},
        "Chapter": {}
    },
    "Object": {
        "Type": {
            "type": 22,
            "isDead": false
        },
        "Transform": {
            "position": {
                "x": -101.4375,
                "y": -0.34375
            },
            "scale": {
                "x": 75.0,
                "y": 75.0
            },
            "rotation": 0.0,
            "depth": -0.5
        },
        "Sprite": {},
        "Animation": {
            "maps": {
                "map": {
                    "path": {
                        "id": "obstacle",
                        "path": "asset/images/Objects/Danger.png"
                    },
                    "info": {
                        "image_frames": 9,
                        "update_frames": 0.05000000074505806,
                        "is_repeats": true
                    }
                }
            }
        },
        "RigidBody": false,
        "Collision": {
            "id": 0,
            "enum": "box"
        },
        "Particle": {},
        "Sound": {},
        "Font": {},
        "Capture": {},
        "Trigger": {},
        "UI": {},
        "Camera": {},
        "Chapter": {}
    },
    "Object": {
        "Type": {
            "type": 22,
            "isDead": false
        },
        "Transform": {
            "position": {
                "x": -101.4375,
                "y": 79.5
            },
            "scale": {
                "x": 75.0,
                "y": 75.0
            },
            "rotation": 0.0,
            "depth": -0.5
        },
        "Sprite": {},
        "Animation": {
            "maps": {
                "map": {
                    "path": {
                        "id": "obstacle",
                        "path": "asset/images/Objects/Danger.png"
                    },
                    "info": {
                        "image_frames": 9,
                        "update_frames": 0.05000000074505806,
                        "is_repeats": true
                    }
                }
            }
        },
        "RigidBody": false,
        "Collision": {
            "id": 0,
            "enum": "box"
        },
        "Particle": {},
        "Sound": {},
        "Font": {},
        "Capture": {},
        "Trigger": {},
        "UI": {},
        "Camera": {},
        "Chapter": {}
    },
    "Object": {
        "Type": {
            "type": 22,
            "isDead": false
        },
        "Transform": {
            "position": {
                "x": 450.75,
                "y": -77.84375
            },
            "scale": {
                "x": 75.0,
                "y": 75.0
            },
            "rotation": 0.0,
            "depth": -0.5
        },
        "Sprite": {},
        "Animation": {
            "maps": {
                "map": {
                    "path": {
                        "id": "obstacle",
                        "path": "asset/images/Objects/Danger.png"
                    },
                    "info": {
                        "image_frames": 9,
                        "update_frames": 0.05000000074505806,
                        "is_repeats": true
                    }
                }
            }
        },
        "RigidBody": false,
        "Collision": {
            "id": 0,
            "enum": "box"
        },
        "Particle": {},
        "Sound": {},
        "Font": {},
        "Capture": {},
        "Trigger": {},
        "UI": {},
        "Camera": {},
        "Chapter": {}
    },
    "Object": {
        "Type": {
            "type": 22,
            "isDead": false
        },
        "Transform": {
            "position": {
                "x": 529.5,
                "y": -77.84375
            },
            "scale": {
                "x": 75.0,
                "y": 75.0
            },
            "rotation": 0.0,
            "depth": -0.5
        },
        "Sprite": {},
        "Animation": {
            "maps": {
                "map": {
                    "path": {
                        "id": "obstacle",
                        "path": "asset/images/Objects/Danger.png"
                    },
                    "info": {
                        "image_frames": 9,
                        "update_frames": 0.05000000074505806,
                        "is_repeats": true
                    }
                }
            }
        },
        "RigidBody": false,
        "Collision": {
            "id": 0,
            "enum": "box"
        },
        "Particle": {},
        "Sound": {},
        "Font": {},
        "Capture": {},
        "Trigger": {},
        "UI": {},
        "Camera": {},
        "Chapter": {}
    },
    "Object": {
        "Type": {
            "type": 22,
            "isDead": false
        },
        "Transform": {
            "position": {
                "x": 450.75,
                "y": -2.375
            },
            "scale": {
                "x": 75.0,
                "y": 75.0
            },
            "rotation": 0.0,
            "depth": -0.5
        },
        "Sprite": {},
        "Animation": {
            "maps": {
                "map": {
                    "path": {
                        "id": "obstacle",
                        "path": "asset/images/Objects/Danger.png"
                    },
                    "info": {
                        "image_frames": 9,
                        "update_frames": 0.05000000074505806,
                        "is_repeats": true
                    }
                }
            }
        },
        "RigidBody": false,
        "Collision": {
            "id": 0,
            "enum": "box"
        },
        "Particle": {},
        "Sound": {},
        "Font": {},
        "Capture": {},
        "Trigger": {},
        "UI": {},
        "Camera": {},
        "Chapter": {}
    },
    "Object": {
        "Type": {
            "type": 22,
            "isDead": false
        },
        "Transform": {
            "position": {
                "x": 529.5,
                "y": -2.375
            },
            "scale": {
                "x": 75.0,
                "y": 75.0
            },
            "rotation": 0.0,
            "depth": -0.5
        },
        "Sprite": {},
        "Animation": {
            "maps": {
                "map": {
                    "path": {
                        "id": "obstacle",
                        "path": "asset/images/Objects/Danger.png"
                    },
                    "info": {
                        "image_frames": 9,
                        "update_frames": 0.05000000074505806,
                        "is_repeats": true
                    }
                }
            }
        },
        "RigidBody": false,
        "Collision": {
            "id": 0,
            "enum": "box"
        },
        "Particle": {},
        "Sound": {},
        "Font": {},
        "Capture": {},
        "Trigger": {},
        "UI": {},
        "Camera": {},
        "Chapter": {}
    },
    "Object": {
        "Type": {
            "type": 2,
            "isDead": false
        },
        "Transform": {
            "position": {
                "x": 1030.875,
                "y": -13.3125
            },
            "scale": {
                "x": 256.0,
                "y": 130.0
            },
            "rotation": 0.0,
            "depth": -0.5
        },
        "Sprite": {
            "is_flip": false,
            "image_path": "asset/images/Objects/BusStop.png"
        },
        "Animation": {},
        "RigidBody": false,
        "Collision": {
            "id": 0,
            "enum": "box"
        },
        "Particle": {},
        "Sound": {},
        "Font": {},
        "Capture": {},
        "Trigger": {},
        "UI": {
            "id": "Level8"
        },
        "Camera": {},
        "Chapter": {}
    },
    "Object": {
        "Type": {
            "type": 20,
            "isDead": false
        },
        "Transform": {
            "position": {
                "x": 0.0,
                "y": 0.0
            },
            "scale": {
                "x": 1.0,
                "y": 1.0
            },
            "rotation": 0.0,
            "depth": -0.5
        },
        "Sprite": {},
        "Animation": {},
        "RigidBody": false,
        "Collision": {},
        "Particle": {},
        "Sound": {},
        "Font": {},
        "Capture": {},
        "Trigger": {},
        "UI": {},
        "Camera": {},
        "Chapter": {
            "chapter": 2,
            "level": 1
        }
    }
}